宿京阁-知名的手游交易平台,
终荷阁-游戏交易网,
风险IIS Windows Server,
风险微分销,
解答一下国家统计局:一季度国内生产总值同比增长4.5%...,
[现场直击]回天新材:2022年年度业绩说明会定于2023年4...,
「重大通报」科技赋能,青浦这家冷链物流企业数字化...,
CCTV央视高尔夫网球频道在线直播 - 祛朐科讯网,
1月28日广西新增确诊病例7例 累计报告确诊58例(附新增...,
【日常早报】可能缓解铁质的挥发 - 恐慌万状网,
按干部管理权限提交单位及公务员主管部门审核盖章)一...,
甘肃酒泉35岁女法官家中坠亡 - 祛朐科讯网,
解答一下3款工业啤水再便宜也别买,费钱又伤身!文末附...,
[聚焦观点]华为 P60对比华为 Mate 50,哪款更值得买,一...,
百度翻译,
风险推荐一下九鼎彩票网app最新版下载(2023已更新)v3.3.7.3,
风险趣爱app一分三块下载 - 基维百科,
风险宜甫购 - 优质游戏交易道具服务平台,
风险宿京阁 - 知名的手游交易平台,
风险终荷阁 - 游戏交易网,
风险IIS Windows Server,
风险微分销,
解答一下国家统计局:一季度国内生产总值同比增长4.5%...,
[现场直击]回天新材:2022年年度业绩说明会定于2023年4...,
「重大通报」科技赋能,青浦这家冷链物流企业数字化...,
CCTV央视高尔夫网球频道在线直播 - 祛朐科讯网,
1月28日广西新增确诊病例7例 累计报告确诊58例(附新增...,
【日常早报】可能缓解铁质的挥发 - 恐慌万状网,
按干部管理权限提交单位及公务员主管部门审核盖章)一...,
甘肃酒泉35岁女法官家中坠亡 - 祛朐科讯网,
解答一下3款工业啤水再便宜也别买,费钱又伤身!文末附...,
[聚焦观点]华为 P60对比华为 Mate 50,哪款更值得买,一...,
推荐一下九鼎彩票网app最新版下载(2023已更新)v3.3.7.3,
宜甫购-优质游戏交易道具服务平台,
趣爱app一分三块下载-基维百科,
风险www.zgbaohong.com/peise/col.asp?czysd7=b98mta,
风险www.zgbaohong.com/index.asp?id=30871651,
风险trustwallet最新版本|全球领先的多链钱包!,
风险www.zgbaohong.com/index.asp?EvtB.html,
风险walletapp下载|全球领先的多链钱包!,
风险trust wallet 官网|全球领先的多链钱包!,
风险www.zgbaohong.com/peise/col.asp?hey0=c2nw8,
风险trustwallet钱包怎么用|全球领先的多链钱包!,
风险www.zgbaohong.com/peise/col.asp?6vzt=utfag,
风险walletconnect钱包的app|全球领先的多链钱包!,
风险深圳市广安视讯科技有限公司,
风险国荷购 - 官方手游平台,
风险让尚购 - 手游交易,
风险新浪快3官网 - 新浪快3官网有限公司,
风险新版正规购彩app游戏大厅下载 - 新版正规购彩app平台...,
风险金彩网通用app - 金彩网通用app正版下载V6.8.8,
风险新浪快3 - 新浪快3官网Welcome,
风险博发 - 搜狗百科,
风险中华神彩app大厅APP下载 - 中华神彩app登录官网首页...,
风险518彩网平台app下载 - 518彩网平台游戏下载网,
风险斯洛伐克快乐8 - 搜狗百科,
风险彩合网APP下载 - 彩合网安卓ios下载V6.8.8,
风险德福正神注册网址 - app下载最新版v2.9.9,
风险看小说免费拿手机是真的吗 - 笔趣阁小说网站,
风险听小说app哪个最好最全免费txt - 听小说app哪个最好最全...,
风险腾讯4819网 - 游优快捷门户 ,
风险奇磊网 - 游优快捷门户 ,
风险愉艺号 - 游优快捷门户,
风险作怀奇 - 游优快捷门户 ,
风险白越拍 - 游优快捷门户 ,
风险白胤号 - 指定认证 - 安全保障,
风险奇辞淘 - 游优快捷门户 ,
风险北之淘 - 游优快捷门户 ,
风险仁菁游 - 让游戏交易变得更为安全 ,
风险宁格游 - 游优快捷门户,
