域名,日期,数量,情况记录,title
wvpxyhc.cn,417,1,赤铄游 , - 指定认证-安全保障!
ymcvolt.cn,,,蹇旭拍、腾讯7029网、项琛阁、殷梦购、宋翮游、节颉号, -官方手游
anhuika.top,,,亚博全站、开云体育,
yunhehd.com,,,无,
szgasx.cn,,,奕荷阁、野尚阁、田庆号、战荷游、夔贵购、敖云游、闽尚号、书荷购、佘京号、频瑾号,
xhw1.cn,,,,
wuhantu.top,,,,
kingdeepy.com,,,,
6ss.top,,,,
louisonwoodworks.com,,,,
grand-millennium.cn,,,,
mbme.cn,,,,
youxigujia.com,,,,
hhs0906.top,,,,
tour-market.cn,,,,
kechenyyp.cn,,,,
mxyxpx.com,,,,
ylt58.cn,,,,
neif.cn,,,,
hnweishi.com,,,,
wdbjz.cn,,,,
firepointsoft.com.cn,,,,
zzjdi.top,,,,
sbzyccj.com,,,,
firstaidb.top,,,,
czyxs.cn,,,,
mashajihaha.top,,,,
tjwzly.com,,,,
wushengkai.top,,,,
yaohong88.cn,,,,
xlwsdp.cn,,,,
ppneea.cn,,,,
baoqih2.cn,,,,
zsmkswkj.com,,,,
cicycat.com,,,,
yingangxinxizixun.cn,,,,
nachanghefengjiazheng.cn,,,,
ismile.org.cn,,,,
chenyunxin.cn,,,,
bjsongzhuang.com.cn,,,,
youxucoding.top,,,,
shangnanseo.top,,,,
hxinyun.cn,,,,
wangqing15.top,,,,
haechi.top,,,,
zgzsmhw.cn,,,,
esastur.com,,,,
xiaobiesan.top,,,,
fwba3x.cn,,,,
huanhaoinc.com,,,,
btstbj.com,,,,
greenforesight.cn,,,,
honganonline.cn,,,,
zugehao.cc,,,,
77mz.cn,,,,
xylol.top,,,,
sh-jiejin.com.cn,,,,
zgzszq.com,,,,
voii.top,,,,
mazhuangxinge.top,,,,
blwdkhj.cn,,,,
ywj1314.top,,,,
sky58.cn,,,,
sl-zhks.top,,,,
blasoul.com,,,,
shanleishiye.com,,,,
zhuandayup.cn,,,,
lzminbai.com.cn,,,,
web1236.top,,,,
ledartek.cn,,,,
xiulie.top,,,,
rimou.top,,,,
sinocrownsd.cn,,,,
xkgcs.cn,,,,
hanshangz.com,,,,
daybuday1.top,,,,
ly-jddz.cn,,,,
sdsqzn.com,,,,
leu17.com,,,,
ahyyzn.com,,,,
whslsz.cn,,,,
gdzshr.com,,,,
yunbokongjian.top,,,,
maxiaoliang.top,,,,
zhenggang.net.cn,,,,
dczkw.cn,,,,
shandonghuiyang.com,,,,
enjoyvision.cn,,,,
youranplus.cn,,,,
baoshcn.com,,,,
qypw.top,,,,
qoa.cn,,,,
dzzpgs.cn,,,,
qgltv.top,,,,
huyundun.com,,,,
casray.club,,,,
szcwjs.com,,,,
aceedu.net.cn,,,,
sdpjmedia.cn,,,,
shandongjinke.top,,,,
69nq.cn,,,,
xiaonuomi.com.cn,,,,
castlewood.com.cn,,,,
intspire.net,,,,
jinguyuan.com.cn,,,,
jpjboke.top,,,,
kukaestrategia.com,,,,
frpjc.cn,,,,
sqlt.cn,,,,
aifenxiang88.top,,,,
nbhsjdz.com,,,,
hkiwc.top,,,,
chinacowb.com,,,,
wangweibing.com,,,,
jcjxjzg.cn,,,,
wykl.top,,,,
verov.top,,,,
jszkfy.cn,,,,
fatech.online,,,,
daishuzhuanqian.cn,,,,
zhimei168.top,,,,
haokao123.com,,,,
836919126.com,,,,
cbgbxyxzx.cn,,,,
buz23qb5.cn,,,,
yvi6pd.cn,,,,
rifonda.cn,,,,
hair-welfare.top,,,,
lzlongjiang.cn,,,,
xinyunde.cn,,,,
haoyangsoft.com,,,,
njjdkt.com,,,,
shanxiangyhq.top,,,,
sixclouds.cn,,,,
sqwjj.top,,,,
